train_id,station,expected_arrival,actual_arrival
BART001,DUBLIN,2026-04-25 05:55:00,2026-04-25 05:55:10
BART001,W DUB,2026-04-25 05:58:00,2026-04-25 05:58:03
BART001,CVLY,2026-04-25 06:09:00,2026-04-25 06:08:53
BART001,BFAIR,2026-04-25 06:13:00,2026-04-25 06:13:06
BART001,SLEAN,2026-04-25 06:17:00,2026-04-25 06:17:04
BART001,COLIS,2026-04-25 06:21:00,2026-04-25 06:21:01
BART001,FRTVL,2026-04-25 06:25:00,2026-04-25 06:24:58
BART001,LAKEM,2026-04-25 06:29:00,2026-04-25 06:28:52
BART001,W OAK,2026-04-25 06:35:00,2026-04-25 06:35:05
BART001,EMBAR,2026-04-25 06:42:00,2026-04-25 06:41:58
BART001,MONTG,2026-04-25 06:43:00,2026-04-25 06:43:58
BART001,POWEL,2026-04-25 06:45:00,2026-04-25 06:46:42
BART001,CIVIC,2026-04-25 06:47:00,2026-04-25 06:49:02
BART001,16ST,2026-04-25 06:49:00,2026-04-25 06:50:52
BART001,24ST,2026-04-25 06:51:00,2026-04-25 06:52:44
BART001,GLNPK,2026-04-25 06:54:00,2026-04-25 06:56:02
BART001,BALPK,2026-04-25 06:56:00,2026-04-25 06:58:42
BART001,DALY,2026-04-25 07:00:00,2026-04-25 07:02:32
BART002,DUBLIN,2026-04-25 06:15:00,2026-04-25 06:15:05
BART002,W DUB,2026-04-25 06:18:00,2026-04-25 06:18:01
BART002,CVLY,2026-04-25 06:29:00,2026-04-25 06:29:13
BART002,BFAIR,2026-04-25 06:33:00,2026-04-25 06:33:23
BART002,SLEAN,2026-04-25 06:37:00,2026-04-25 06:37:35
BART002,COLIS,2026-04-25 06:41:00,2026-04-25 06:41:42
BART002,FRTVL,2026-04-25 06:45:00,2026-04-25 06:45:45
BART002,LAKEM,2026-04-25 06:49:00,2026-04-25 06:49:42
BART002,W OAK,2026-04-25 06:55:00,2026-04-25 06:55:46
BART002,EMBAR,2026-04-25 07:02:00,2026-04-25 07:02:54
BART002,MONTG,2026-04-25 07:03:00,2026-04-25 07:04:07
BART002,POWEL,2026-04-25 07:05:00,2026-04-25 07:06:46
BART002,CIVIC,2026-04-25 07:07:00,2026-04-25 07:09:40
BART002,16ST,2026-04-25 07:09:00,2026-04-25 07:11:40
BART002,24ST,2026-04-25 07:11:00,2026-04-25 07:13:38
BART002,GLNPK,2026-04-25 07:14:00,2026-04-25 07:16:53
BART002,BALPK,2026-04-25 07:16:00,2026-04-25 07:19:52
BART002,DALY,2026-04-25 07:20:00,2026-04-25 07:23:52
BART003,DUBLIN,2026-04-25 06:35:00,2026-04-25 06:34:36
BART003,W DUB,2026-04-25 06:38:00,2026-04-25 06:37:28
BART003,CVLY,2026-04-25 06:49:00,2026-04-25 06:48:30
BART003,BFAIR,2026-04-25 06:53:00,2026-04-25 06:52:23
BART003,SLEAN,2026-04-25 06:57:00,2026-04-25 06:56:24
BART003,COLIS,2026-04-25 07:01:00,2026-04-25 07:00:41
BART003,FRTVL,2026-04-25 07:05:00,2026-04-25 07:04:42
BART003,LAKEM,2026-04-25 07:09:00,2026-04-25 07:08:51
BART003,W OAK,2026-04-25 07:15:00,2026-04-25 07:14:49
BART003,EMBAR,2026-04-25 07:22:00,2026-04-25 07:22:04
BART003,MONTG,2026-04-25 07:23:00,2026-04-25 07:23:39
BART003,POWEL,2026-04-25 07:25:00,2026-04-25 07:26:08
BART003,CIVIC,2026-04-25 07:27:00,2026-04-25 07:29:06
BART003,16ST,2026-04-25 07:29:00,2026-04-25 07:30:58
BART003,24ST,2026-04-25 07:31:00,2026-04-25 07:33:05
BART003,GLNPK,2026-04-25 07:34:00,2026-04-25 07:36:45
BART003,BALPK,2026-04-25 07:36:00,2026-04-25 07:39:29
BART003,DALY,2026-04-25 07:40:00,2026-04-25 07:43:47
BART004,DUBLIN,2026-04-25 06:55:00,2026-04-25 06:55:25
BART004,W DUB,2026-04-25 06:58:00,2026-04-25 06:58:26
BART004,CVLY,2026-04-25 07:09:00,2026-04-25 07:09:34
BART004,BFAIR,2026-04-25 07:13:00,2026-04-25 07:13:30
BART004,SLEAN,2026-04-25 07:17:00,2026-04-25 07:17:42
BART004,COLIS,2026-04-25 07:21:00,2026-04-25 07:21:34
BART004,FRTVL,2026-04-25 07:25:00,2026-04-25 07:25:25
BART004,LAKEM,2026-04-25 07:29:00,2026-04-25 07:29:36
BART004,W OAK,2026-04-25 07:35:00,2026-04-25 07:35:33
BART004,EMBAR,2026-04-25 07:42:00,2026-04-25 07:42:47
BART004,MONTG,2026-04-25 07:43:00,2026-04-25 07:44:06
BART004,POWEL,2026-04-25 07:45:00,2026-04-25 07:46:52
BART004,CIVIC,2026-04-25 07:47:00,2026-04-25 07:49:30
BART004,16ST,2026-04-25 07:49:00,2026-04-25 07:51:32
BART004,24ST,2026-04-25 07:51:00,2026-04-25 07:53:30
BART004,GLNPK,2026-04-25 07:54:00,2026-04-25 07:57:09
BART004,BALPK,2026-04-25 07:56:00,2026-04-25 07:59:51
BART004,DALY,2026-04-25 08:00:00,2026-04-25 08:03:46
BART005,DUBLIN,2026-04-25 07:15:00,2026-04-25 07:14:53
BART005,W DUB,2026-04-25 07:18:00,2026-04-25 07:17:54
BART005,CVLY,2026-04-25 07:29:00,2026-04-25 07:28:50
BART005,BFAIR,2026-04-25 07:33:00,2026-04-25 07:33:01
BART005,SLEAN,2026-04-25 07:37:00,2026-04-25 07:36:59
BART005,COLIS,2026-04-25 07:41:00,2026-04-25 07:41:11
BART005,FRTVL,2026-04-25 07:45:00,2026-04-25 07:45:30
BART005,LAKEM,2026-04-25 07:49:00,2026-04-25 07:49:41
BART005,W OAK,2026-04-25 07:55:00,2026-04-25 07:55:51
BART005,EMBAR,2026-04-25 08:02:00,2026-04-25 08:02:43
BART005,MONTG,2026-04-25 08:03:00,2026-04-25 08:04:47
BART005,POWEL,2026-04-25 08:05:00,2026-04-25 08:07:31
BART005,CIVIC,2026-04-25 08:07:00,2026-04-25 08:10:14
BART005,16ST,2026-04-25 08:09:00,2026-04-25 08:12:09
BART005,24ST,2026-04-25 08:11:00,2026-04-25 08:14:13
BART005,GLNPK,2026-04-25 08:14:00,2026-04-25 08:17:38
BART005,BALPK,2026-04-25 08:16:00,2026-04-25 08:20:32
BART005,DALY,2026-04-25 08:20:00,2026-04-25 08:24:44
BART006,DUBLIN,2026-04-25 07:35:00,2026-04-25 07:35:05
BART006,W DUB,2026-04-25 07:38:00,2026-04-25 07:38:02
BART006,CVLY,2026-04-25 07:49:00,2026-04-25 07:49:13
BART006,BFAIR,2026-04-25 07:53:00,2026-04-25 07:53:13
BART006,SLEAN,2026-04-25 07:57:00,2026-04-25 07:57:29
BART006,COLIS,2026-04-25 08:01:00,2026-04-25 08:01:43
BART006,FRTVL,2026-04-25 08:05:00,2026-04-25 08:05:57
BART006,LAKEM,2026-04-25 08:09:00,2026-04-25 08:09:48
BART006,W OAK,2026-04-25 08:15:00,2026-04-25 08:15:45
BART006,EMBAR,2026-04-25 08:22:00,2026-04-25 08:23:01
BART006,MONTG,2026-04-25 08:23:00,2026-04-25 08:24:27
BART006,POWEL,2026-04-25 08:25:00,2026-04-25 08:27:01
BART006,CIVIC,2026-04-25 08:27:00,2026-04-25 08:29:21
BART006,16ST,2026-04-25 08:29:00,2026-04-25 08:31:40
BART006,24ST,2026-04-25 08:31:00,2026-04-25 08:34:00
BART006,GLNPK,2026-04-25 08:34:00,2026-04-25 08:37:51
BART006,BALPK,2026-04-25 08:36:00,2026-04-25 08:40:28
BART006,DALY,2026-04-25 08:40:00,2026-04-25 08:44:24
BART007,DUBLIN,2026-04-25 07:55:00,2026-04-25 07:55:11
BART007,W DUB,2026-04-25 07:58:00,2026-04-25 07:58:16
BART007,CVLY,2026-04-25 08:09:00,2026-04-25 08:09:18
BART007,BFAIR,2026-04-25 08:13:00,2026-04-25 08:13:36
BART007,SLEAN,2026-04-25 08:17:00,2026-04-25 08:17:55
BART007,COLIS,2026-04-25 08:21:00,2026-04-25 08:22:05
BART007,FRTVL,2026-04-25 08:25:00,2026-04-25 08:26:09
BART007,LAKEM,2026-04-25 08:29:00,2026-04-25 08:30:03
BART007,W OAK,2026-04-25 08:35:00,2026-04-25 08:36:01
BART007,EMBAR,2026-04-25 08:42:00,2026-04-25 08:42:55
BART007,MONTG,2026-04-25 08:43:00,2026-04-25 08:44:42
BART007,POWEL,2026-04-25 08:45:00,2026-04-25 08:47:20
BART007,CIVIC,2026-04-25 08:47:00,2026-04-25 08:50:25
BART007,16ST,2026-04-25 08:49:00,2026-04-25 08:52:28
BART007,24ST,2026-04-25 08:51:00,2026-04-25 08:54:46
BART007,GLNPK,2026-04-25 08:54:00,2026-04-25 08:58:21
BART007,BALPK,2026-04-25 08:56:00,2026-04-25 09:00:44
BART007,DALY,2026-04-25 09:00:00,2026-04-25 09:04:38
BART008,DUBLIN,2026-04-25 08:15:00,2026-04-25 08:15:02
BART008,W DUB,2026-04-25 08:18:00,2026-04-25 08:18:07
BART008,CVLY,2026-04-25 08:29:00,2026-04-25 08:28:59
BART008,BFAIR,2026-04-25 08:33:00,2026-04-25 08:33:13
BART008,SLEAN,2026-04-25 08:37:00,2026-04-25 08:37:04
BART008,COLIS,2026-04-25 08:41:00,2026-04-25 08:41:21
BART008,FRTVL,2026-04-25 08:45:00,2026-04-25 08:45:14
BART008,LAKEM,2026-04-25 08:49:00,2026-04-25 08:49:08
BART008,W OAK,2026-04-25 08:55:00,2026-04-25 08:55:18
BART008,EMBAR,2026-04-25 09:02:00,2026-04-25 09:02:13
BART008,MONTG,2026-04-25 09:03:00,2026-04-25 09:04:26
BART008,POWEL,2026-04-25 09:05:00,2026-04-25 09:07:22
BART008,CIVIC,2026-04-25 09:07:00,2026-04-25 09:09:53
BART008,16ST,2026-04-25 09:09:00,2026-04-25 09:11:55
BART008,24ST,2026-04-25 09:11:00,2026-04-25 09:14:04
BART008,GLNPK,2026-04-25 09:14:00,2026-04-25 09:17:39
BART008,BALPK,2026-04-25 09:16:00,2026-04-25 09:20:09
BART008,DALY,2026-04-25 09:20:00,2026-04-25 09:24:26
BART009,DUBLIN,2026-04-25 08:35:00,2026-04-25 08:35:30
BART009,W DUB,2026-04-25 08:38:00,2026-04-25 08:38:20
BART009,CVLY,2026-04-25 08:49:00,2026-04-25 08:49:31
BART009,BFAIR,2026-04-25 08:53:00,2026-04-25 08:53:44
BART009,SLEAN,2026-04-25 08:57:00,2026-04-25 08:57:37
BART009,COLIS,2026-04-25 09:01:00,2026-04-25 09:01:48
BART009,FRTVL,2026-04-25 09:05:00,2026-04-25 09:06:06
BART009,LAKEM,2026-04-25 09:09:00,2026-04-25 09:10:13
BART009,W OAK,2026-04-25 09:15:00,2026-04-25 09:16:27
BART009,EMBAR,2026-04-25 09:22:00,2026-04-25 09:23:25
BART009,MONTG,2026-04-25 09:23:00,2026-04-25 09:25:35
BART009,POWEL,2026-04-25 09:25:00,2026-04-25 09:27:57
BART009,CIVIC,2026-04-25 09:27:00,2026-04-25 09:30:38
BART009,16ST,2026-04-25 09:29:00,2026-04-25 09:32:33
BART009,24ST,2026-04-25 09:31:00,2026-04-25 09:34:37
BART009,GLNPK,2026-04-25 09:34:00,2026-04-25 09:38:12
BART009,BALPK,2026-04-25 09:36:00,2026-04-25 09:41:08
BART009,DALY,2026-04-25 09:40:00,2026-04-25 09:45:21
BART010,DUBLIN,2026-04-25 08:55:00,2026-04-25 08:54:46
BART010,W DUB,2026-04-25 08:58:00,2026-04-25 08:57:52
BART010,CVLY,2026-04-25 09:09:00,2026-04-25 09:09:06
BART010,BFAIR,2026-04-25 09:13:00,2026-04-25 09:13:01
BART010,SLEAN,2026-04-25 09:17:00,2026-04-25 09:17:07
BART010,COLIS,2026-04-25 09:21:00,2026-04-25 09:21:26
BART010,FRTVL,2026-04-25 09:25:00,2026-04-25 09:25:19
BART010,LAKEM,2026-04-25 09:29:00,2026-04-25 09:29:36
BART010,W OAK,2026-04-25 09:35:00,2026-04-25 09:35:46
BART010,EMBAR,2026-04-25 09:42:00,2026-04-25 09:42:45
BART010,MONTG,2026-04-25 09:43:00,2026-04-25 09:44:56
BART010,POWEL,2026-04-25 09:45:00,2026-04-25 09:47:55
BART010,CIVIC,2026-04-25 09:47:00,2026-04-25 09:50:15
BART010,16ST,2026-04-25 09:49:00,2026-04-25 09:52:16
BART010,24ST,2026-04-25 09:51:00,2026-04-25 09:54:30
BART010,GLNPK,2026-04-25 09:54:00,2026-04-25 09:57:57
BART010,BALPK,2026-04-25 09:56:00,2026-04-25 10:00:56
BART010,DALY,2026-04-25 10:00:00,2026-04-25 10:05:15
BART011,DUBLIN,2026-04-25 09:15:00,2026-04-25 09:15:03
BART011,W DUB,2026-04-25 09:18:00,2026-04-25 09:18:22
BART011,CVLY,2026-04-25 09:29:00,2026-04-25 09:29:12
BART011,BFAIR,2026-04-25 09:33:00,2026-04-25 09:33:21
BART011,SLEAN,2026-04-25 09:37:00,2026-04-25 09:37:21
BART011,COLIS,2026-04-25 09:41:00,2026-04-25 09:41:26
BART011,FRTVL,2026-04-25 09:45:00,2026-04-25 09:45:16
BART011,LAKEM,2026-04-25 09:49:00,2026-04-25 09:49:09
BART011,W OAK,2026-04-25 09:55:00,2026-04-25 09:55:28
BART011,EMBAR,2026-04-25 10:02:00,2026-04-25 10:02:29
BART011,MONTG,2026-04-25 10:03:00,2026-04-25 10:04:21
BART011,POWEL,2026-04-25 10:05:00,2026-04-25 10:06:36
BART011,CIVIC,2026-04-25 10:07:00,2026-04-25 10:09:24
BART011,16ST,2026-04-25 10:09:00,2026-04-25 10:11:44
BART011,24ST,2026-04-25 10:11:00,2026-04-25 10:13:36
BART011,GLNPK,2026-04-25 10:14:00,2026-04-25 10:17:06
BART011,BALPK,2026-04-25 10:16:00,2026-04-25 10:19:52
BART011,DALY,2026-04-25 10:20:00,2026-04-25 10:23:44
BART012,DUBLIN,2026-04-25 09:35:00,2026-04-25 09:35:18
BART012,W DUB,2026-04-25 09:38:00,2026-04-25 09:38:25
BART012,CVLY,2026-04-25 09:49:00,2026-04-25 09:49:39
BART012,BFAIR,2026-04-25 09:53:00,2026-04-25 09:53:33
BART012,SLEAN,2026-04-25 09:57:00,2026-04-25 09:57:27
BART012,COLIS,2026-04-25 10:01:00,2026-04-25 10:01:38
BART012,FRTVL,2026-04-25 10:05:00,2026-04-25 10:05:43
BART012,LAKEM,2026-04-25 10:09:00,2026-04-25 10:10:03
BART012,W OAK,2026-04-25 10:15:00,2026-04-25 10:16:10
BART012,EMBAR,2026-04-25 10:22:00,2026-04-25 10:23:05
BART012,MONTG,2026-04-25 10:23:00,2026-04-25 10:24:51
BART012,POWEL,2026-04-25 10:25:00,2026-04-25 10:28:01
BART012,CIVIC,2026-04-25 10:27:00,2026-04-25 10:30:32
BART012,16ST,2026-04-25 10:29:00,2026-04-25 10:32:51
BART012,24ST,2026-04-25 10:31:00,2026-04-25 10:34:58
BART012,GLNPK,2026-04-25 10:34:00,2026-04-25 10:38:50
BART012,BALPK,2026-04-25 10:36:00,2026-04-25 10:41:23
BART012,DALY,2026-04-25 10:40:00,2026-04-25 10:45:35
BART013,DUBLIN,2026-04-25 09:55:00,2026-04-25 09:54:49
BART013,W DUB,2026-04-25 09:58:00,2026-04-25 09:57:51
BART013,CVLY,2026-04-25 10:09:00,2026-04-25 10:09:02
BART013,BFAIR,2026-04-25 10:13:00,2026-04-25 10:13:12
BART013,SLEAN,2026-04-25 10:17:00,2026-04-25 10:17:13
BART013,COLIS,2026-04-25 10:21:00,2026-04-25 10:21:17
BART013,FRTVL,2026-04-25 10:25:00,2026-04-25 10:25:35
BART013,LAKEM,2026-04-25 10:29:00,2026-04-25 10:29:41
BART013,W OAK,2026-04-25 10:35:00,2026-04-25 10:35:45
BART013,EMBAR,2026-04-25 10:42:00,2026-04-25 10:42:38
BART013,MONTG,2026-04-25 10:43:00,2026-04-25 10:44:04
BART013,POWEL,2026-04-25 10:45:00,2026-04-25 10:46:32
BART013,CIVIC,2026-04-25 10:47:00,2026-04-25 10:49:14
BART013,16ST,2026-04-25 10:49:00,2026-04-25 10:51:21
BART013,24ST,2026-04-25 10:51:00,2026-04-25 10:53:18
BART013,GLNPK,2026-04-25 10:54:00,2026-04-25 10:56:48
BART013,BALPK,2026-04-25 10:56:00,2026-04-25 10:58:55
BART013,DALY,2026-04-25 11:00:00,2026-04-25 11:03:07
BART014,DUBLIN,2026-04-25 10:15:00,2026-04-25 10:15:10
BART014,W DUB,2026-04-25 10:18:00,2026-04-25 10:18:01
BART014,CVLY,2026-04-25 10:29:00,2026-04-25 10:28:58
BART014,BFAIR,2026-04-25 10:33:00,2026-04-25 10:32:50
BART014,SLEAN,2026-04-25 10:37:00,2026-04-25 10:37:08
BART014,COLIS,2026-04-25 10:41:00,2026-04-25 10:40:59
BART014,FRTVL,2026-04-25 10:45:00,2026-04-25 10:45:16
BART014,LAKEM,2026-04-25 10:49:00,2026-04-25 10:49:16
BART014,W OAK,2026-04-25 10:55:00,2026-04-25 10:55:08
BART014,EMBAR,2026-04-25 11:02:00,2026-04-25 11:02:14
BART014,MONTG,2026-04-25 11:03:00,2026-04-25 11:03:43
BART014,POWEL,2026-04-25 11:05:00,2026-04-25 11:06:40
BART014,CIVIC,2026-04-25 11:07:00,2026-04-25 11:09:25
BART014,16ST,2026-04-25 11:09:00,2026-04-25 11:11:19
BART014,24ST,2026-04-25 11:11:00,2026-04-25 11:13:32
BART014,GLNPK,2026-04-25 11:14:00,2026-04-25 11:17:34
BART014,BALPK,2026-04-25 11:16:00,2026-04-25 11:20:15
BART014,DALY,2026-04-25 11:20:00,2026-04-25 11:24:20
BART015,DUBLIN,2026-04-25 10:35:00,2026-04-25 10:34:45
BART015,W DUB,2026-04-25 10:38:00,2026-04-25 10:38:00
BART015,CVLY,2026-04-25 10:49:00,2026-04-25 10:49:05
BART015,BFAIR,2026-04-25 10:53:00,2026-04-25 10:53:20
BART015,SLEAN,2026-04-25 10:57:00,2026-04-25 10:57:23
BART015,COLIS,2026-04-25 11:01:00,2026-04-25 11:01:19
BART015,FRTVL,2026-04-25 11:05:00,2026-04-25 11:05:12
BART015,LAKEM,2026-04-25 11:09:00,2026-04-25 11:09:05
BART015,W OAK,2026-04-25 11:15:00,2026-04-25 11:15:16
BART015,EMBAR,2026-04-25 11:22:00,2026-04-25 11:22:19
BART015,MONTG,2026-04-25 11:23:00,2026-04-25 11:24:02
BART015,POWEL,2026-04-25 11:25:00,2026-04-25 11:26:49
BART015,CIVIC,2026-04-25 11:27:00,2026-04-25 11:29:24
BART015,16ST,2026-04-25 11:29:00,2026-04-25 11:31:35
BART015,24ST,2026-04-25 11:31:00,2026-04-25 11:33:45
BART015,GLNPK,2026-04-25 11:34:00,2026-04-25 11:37:13
BART015,BALPK,2026-04-25 11:36:00,2026-04-25 11:39:31
BART015,DALY,2026-04-25 11:40:00,2026-04-25 11:43:44
BART016,DUBLIN,2026-04-25 10:55:00,2026-04-25 10:54:51
BART016,W DUB,2026-04-25 10:58:00,2026-04-25 10:58:06
BART016,CVLY,2026-04-25 11:09:00,2026-04-25 11:09:23
BART016,BFAIR,2026-04-25 11:13:00,2026-04-25 11:13:16
BART016,SLEAN,2026-04-25 11:17:00,2026-04-25 11:17:13
BART016,COLIS,2026-04-25 11:21:00,2026-04-25 11:21:09
BART016,FRTVL,2026-04-25 11:25:00,2026-04-25 11:25:05
BART016,LAKEM,2026-04-25 11:29:00,2026-04-25 11:29:12
BART016,W OAK,2026-04-25 11:35:00,2026-04-25 11:35:16
BART016,EMBAR,2026-04-25 11:42:00,2026-04-25 11:42:10
BART016,MONTG,2026-04-25 11:43:00,2026-04-25 11:43:39
BART016,POWEL,2026-04-25 11:45:00,2026-04-25 11:46:21
BART016,CIVIC,2026-04-25 11:47:00,2026-04-25 11:48:37
BART016,16ST,2026-04-25 11:49:00,2026-04-25 11:50:41
BART016,24ST,2026-04-25 11:51:00,2026-04-25 11:52:56
BART016,GLNPK,2026-04-25 11:54:00,2026-04-25 11:56:55
BART016,BALPK,2026-04-25 11:56:00,2026-04-25 11:59:20
BART016,DALY,2026-04-25 12:00:00,2026-04-25 12:03:11
BART017,DUBLIN,2026-04-25 11:15:00,2026-04-25 11:15:11
BART017,W DUB,2026-04-25 11:18:00,2026-04-25 11:18:18
BART017,CVLY,2026-04-25 11:29:00,2026-04-25 11:29:34
BART017,BFAIR,2026-04-25 11:33:00,2026-04-25 11:33:24
BART017,SLEAN,2026-04-25 11:37:00,2026-04-25 11:37:16
BART017,COLIS,2026-04-25 11:41:00,2026-04-25 11:41:35
BART017,FRTVL,2026-04-25 11:45:00,2026-04-25 11:45:49
BART017,LAKEM,2026-04-25 11:49:00,2026-04-25 11:50:06
BART017,W OAK,2026-04-25 11:55:00,2026-04-25 11:56:03
BART017,EMBAR,2026-04-25 12:02:00,2026-04-25 12:02:58
BART017,MONTG,2026-04-25 12:03:00,2026-04-25 12:04:47
BART017,POWEL,2026-04-25 12:05:00,2026-04-25 12:07:20
BART017,CIVIC,2026-04-25 12:07:00,2026-04-25 12:10:17
BART017,16ST,2026-04-25 12:09:00,2026-04-25 12:12:35
BART017,24ST,2026-04-25 12:11:00,2026-04-25 12:14:26
BART017,GLNPK,2026-04-25 12:14:00,2026-04-25 12:17:48
BART017,BALPK,2026-04-25 12:16:00,2026-04-25 12:20:05
BART017,DALY,2026-04-25 12:20:00,2026-04-25 12:24:03
BART018,DUBLIN,2026-04-25 11:35:00,2026-04-25 11:35:29
BART018,W DUB,2026-04-25 11:38:00,2026-04-25 11:38:44
BART018,CVLY,2026-04-25 11:49:00,2026-04-25 11:49:59
BART018,BFAIR,2026-04-25 11:53:00,2026-04-25 11:54:03
BART018,SLEAN,2026-04-25 11:57:00,2026-04-25 11:58:02
BART018,COLIS,2026-04-25 12:01:00,2026-04-25 12:02:05
BART018,FRTVL,2026-04-25 12:05:00,2026-04-25 12:06:17
BART018,LAKEM,2026-04-25 12:09:00,2026-04-25 12:10:37
BART018,W OAK,2026-04-25 12:15:00,2026-04-25 12:16:50
BART018,EMBAR,2026-04-25 12:22:00,2026-04-25 12:24:05
BART018,MONTG,2026-04-25 12:23:00,2026-04-25 12:26:09
BART018,POWEL,2026-04-25 12:25:00,2026-04-25 12:29:07
BART018,CIVIC,2026-04-25 12:27:00,2026-04-25 12:31:28
BART018,16ST,2026-04-25 12:29:00,2026-04-25 12:33:27
BART018,24ST,2026-04-25 12:31:00,2026-04-25 12:35:23
BART018,GLNPK,2026-04-25 12:34:00,2026-04-25 12:38:59
BART018,BALPK,2026-04-25 12:36:00,2026-04-25 12:41:45
BART018,DALY,2026-04-25 12:40:00,2026-04-25 12:45:52
BART019,DUBLIN,2026-04-25 11:55:00,2026-04-25 11:54:33
BART019,W DUB,2026-04-25 11:58:00,2026-04-25 11:57:46
BART019,CVLY,2026-04-25 12:09:00,2026-04-25 12:08:46
BART019,BFAIR,2026-04-25 12:13:00,2026-04-25 12:12:37
BART019,SLEAN,2026-04-25 12:17:00,2026-04-25 12:16:28
BART019,COLIS,2026-04-25 12:21:00,2026-04-25 12:20:36
BART019,FRTVL,2026-04-25 12:25:00,2026-04-25 12:24:41
BART019,LAKEM,2026-04-25 12:29:00,2026-04-25 12:28:47
BART019,W OAK,2026-04-25 12:35:00,2026-04-25 12:35:06
BART019,EMBAR,2026-04-25 12:42:00,2026-04-25 12:42:23
BART019,MONTG,2026-04-25 12:43:00,2026-04-25 12:43:54
BART019,POWEL,2026-04-25 12:45:00,2026-04-25 12:46:32
BART019,CIVIC,2026-04-25 12:47:00,2026-04-25 12:48:50
BART019,16ST,2026-04-25 12:49:00,2026-04-25 12:50:42
BART019,24ST,2026-04-25 12:51:00,2026-04-25 12:52:51
BART019,GLNPK,2026-04-25 12:54:00,2026-04-25 12:56:19
BART019,BALPK,2026-04-25 12:56:00,2026-04-25 12:58:58
BART019,DALY,2026-04-25 13:00:00,2026-04-25 13:03:00
BART020,DUBLIN,2026-04-25 12:15:00,2026-04-25 12:14:37
BART020,W DUB,2026-04-25 12:18:00,2026-04-25 12:17:57
BART020,CVLY,2026-04-25 12:29:00,2026-04-25 12:29:15
BART020,BFAIR,2026-04-25 12:33:00,2026-04-25 12:33:23
BART020,SLEAN,2026-04-25 12:37:00,2026-04-25 12:37:20
BART020,COLIS,2026-04-25 12:41:00,2026-04-25 12:41:28
BART020,FRTVL,2026-04-25 12:45:00,2026-04-25 12:45:37
BART020,LAKEM,2026-04-25 12:49:00,2026-04-25 12:49:28
BART020,W OAK,2026-04-25 12:55:00,2026-04-25 12:55:37
BART020,EMBAR,2026-04-25 13:02:00,2026-04-25 13:02:29
BART020,MONTG,2026-04-25 13:03:00,2026-04-25 13:04:29
BART020,POWEL,2026-04-25 13:05:00,2026-04-25 13:07:28
BART020,CIVIC,2026-04-25 13:07:00,2026-04-25 13:10:09
BART020,16ST,2026-04-25 13:09:00,2026-04-25 13:12:28
BART020,24ST,2026-04-25 13:11:00,2026-04-25 13:14:26
BART020,GLNPK,2026-04-25 13:14:00,2026-04-25 13:17:58
BART020,BALPK,2026-04-25 13:16:00,2026-04-25 13:20:35
BART020,DALY,2026-04-25 13:20:00,2026-04-25 13:24:32
BART021,DUBLIN,2026-04-25 12:35:00,2026-04-25 12:34:46
BART021,W DUB,2026-04-25 12:38:00,2026-04-25 12:37:48
BART021,CVLY,2026-04-25 12:49:00,2026-04-25 12:48:42
BART021,BFAIR,2026-04-25 12:53:00,2026-04-25 12:52:53
BART021,SLEAN,2026-04-25 12:57:00,2026-04-25 12:57:03
BART021,COLIS,2026-04-25 13:01:00,2026-04-25 13:01:02
BART021,FRTVL,2026-04-25 13:05:00,2026-04-25 13:05:06
BART021,LAKEM,2026-04-25 13:09:00,2026-04-25 13:09:06
BART021,W OAK,2026-04-25 13:15:00,2026-04-25 13:15:25
BART021,EMBAR,2026-04-25 13:22:00,2026-04-25 13:22:39
BART021,MONTG,2026-04-25 13:23:00,2026-04-25 13:24:17
BART021,POWEL,2026-04-25 13:25:00,2026-04-25 13:26:51
BART021,CIVIC,2026-04-25 13:27:00,2026-04-25 13:29:51
BART021,16ST,2026-04-25 13:29:00,2026-04-25 13:31:44
BART021,24ST,2026-04-25 13:31:00,2026-04-25 13:33:36
BART021,GLNPK,2026-04-25 13:34:00,2026-04-25 13:37:04
BART021,BALPK,2026-04-25 13:36:00,2026-04-25 13:39:33
BART021,DALY,2026-04-25 13:40:00,2026-04-25 13:43:27
BART022,DUBLIN,2026-04-25 12:55:00,2026-04-25 12:55:29
BART022,W DUB,2026-04-25 12:58:00,2026-04-25 12:58:30
BART022,CVLY,2026-04-25 13:09:00,2026-04-25 13:09:48
BART022,BFAIR,2026-04-25 13:13:00,2026-04-25 13:13:40
BART022,SLEAN,2026-04-25 13:17:00,2026-04-25 13:17:58
BART022,COLIS,2026-04-25 13:21:00,2026-04-25 13:21:55
BART022,FRTVL,2026-04-25 13:25:00,2026-04-25 13:25:56
BART022,LAKEM,2026-04-25 13:29:00,2026-04-25 13:29:55
BART022,W OAK,2026-04-25 13:35:00,2026-04-25 13:35:50
BART022,EMBAR,2026-04-25 13:42:00,2026-04-25 13:42:54
BART022,MONTG,2026-04-25 13:43:00,2026-04-25 13:44:59
BART022,POWEL,2026-04-25 13:45:00,2026-04-25 13:47:45
BART022,CIVIC,2026-04-25 13:47:00,2026-04-25 13:50:50
BART022,16ST,2026-04-25 13:49:00,2026-04-25 13:52:56
BART022,24ST,2026-04-25 13:51:00,2026-04-25 13:54:46
BART022,GLNPK,2026-04-25 13:54:00,2026-04-25 13:58:38
BART022,BALPK,2026-04-25 13:56:00,2026-04-25 14:01:09
BART022,DALY,2026-04-25 14:00:00,2026-04-25 14:05:28
BART023,DUBLIN,2026-04-25 13:15:00,2026-04-25 13:15:12
BART023,W DUB,2026-04-25 13:18:00,2026-04-25 13:18:05
BART023,CVLY,2026-04-25 13:29:00,2026-04-25 13:29:25
BART023,BFAIR,2026-04-25 13:33:00,2026-04-25 13:33:43
BART023,SLEAN,2026-04-25 13:37:00,2026-04-25 13:37:37
BART023,COLIS,2026-04-25 13:41:00,2026-04-25 13:41:35
BART023,FRTVL,2026-04-25 13:45:00,2026-04-25 13:45:28
BART023,LAKEM,2026-04-25 13:49:00,2026-04-25 13:49:46
BART023,W OAK,2026-04-25 13:55:00,2026-04-25 13:55:39
BART023,EMBAR,2026-04-25 14:02:00,2026-04-25 14:02:52
BART023,MONTG,2026-04-25 14:03:00,2026-04-25 14:04:23
BART023,POWEL,2026-04-25 14:05:00,2026-04-25 14:06:54
BART023,CIVIC,2026-04-25 14:07:00,2026-04-25 14:09:31
BART023,16ST,2026-04-25 14:09:00,2026-04-25 14:11:43
BART023,24ST,2026-04-25 14:11:00,2026-04-25 14:13:43
BART023,GLNPK,2026-04-25 14:14:00,2026-04-25 14:17:15
BART023,BALPK,2026-04-25 14:16:00,2026-04-25 14:20:07
BART023,DALY,2026-04-25 14:20:00,2026-04-25 14:24:05
BART024,DUBLIN,2026-04-25 13:35:00,2026-04-25 13:35:02
BART024,W DUB,2026-04-25 13:38:00,2026-04-25 13:38:07
BART024,CVLY,2026-04-25 13:49:00,2026-04-25 13:49:05
BART024,BFAIR,2026-04-25 13:53:00,2026-04-25 13:53:23
BART024,SLEAN,2026-04-25 13:57:00,2026-04-25 13:57:42
BART024,COLIS,2026-04-25 14:01:00,2026-04-25 14:01:59
BART024,FRTVL,2026-04-25 14:05:00,2026-04-25 14:05:50
BART024,LAKEM,2026-04-25 14:09:00,2026-04-25 14:09:42
BART024,W OAK,2026-04-25 14:15:00,2026-04-25 14:15:52
BART024,EMBAR,2026-04-25 14:22:00,2026-04-25 14:22:55
BART024,MONTG,2026-04-25 14:23:00,2026-04-25 14:24:43
BART024,POWEL,2026-04-25 14:25:00,2026-04-25 14:26:49
BART024,CIVIC,2026-04-25 14:27:00,2026-04-25 14:29:12
BART024,16ST,2026-04-25 14:29:00,2026-04-25 14:31:22
BART024,24ST,2026-04-25 14:31:00,2026-04-25 14:33:20
BART024,GLNPK,2026-04-25 14:34:00,2026-04-25 14:36:53
BART024,BALPK,2026-04-25 14:36:00,2026-04-25 14:39:29
BART024,DALY,2026-04-25 14:40:00,2026-04-25 14:43:41
BART025,DUBLIN,2026-04-25 13:55:00,2026-04-25 13:54:57
BART025,W DUB,2026-04-25 13:58:00,2026-04-25 13:58:04
BART025,CVLY,2026-04-25 14:09:00,2026-04-25 14:08:54
BART025,BFAIR,2026-04-25 14:13:00,2026-04-25 14:12:47
BART025,SLEAN,2026-04-25 14:17:00,2026-04-25 14:16:39
BART025,COLIS,2026-04-25 14:21:00,2026-04-25 14:20:59
BART025,FRTVL,2026-04-25 14:25:00,2026-04-25 14:25:17
BART025,LAKEM,2026-04-25 14:29:00,2026-04-25 14:29:29
BART025,W OAK,2026-04-25 14:35:00,2026-04-25 14:35:47
BART025,EMBAR,2026-04-25 14:42:00,2026-04-25 14:42:41
BART025,MONTG,2026-04-25 14:43:00,2026-04-25 14:44:05
BART025,POWEL,2026-04-25 14:45:00,2026-04-25 14:46:59
BART025,CIVIC,2026-04-25 14:47:00,2026-04-25 14:49:57
BART025,16ST,2026-04-25 14:49:00,2026-04-25 14:51:51
BART025,24ST,2026-04-25 14:51:00,2026-04-25 14:53:54
BART025,GLNPK,2026-04-25 14:54:00,2026-04-25 14:57:04
BART025,BALPK,2026-04-25 14:56:00,2026-04-25 14:59:29
BART025,DALY,2026-04-25 15:00:00,2026-04-25 15:03:47
BART026,DUBLIN,2026-04-25 14:15:00,2026-04-25 14:15:29
BART026,W DUB,2026-04-25 14:18:00,2026-04-25 14:18:44
BART026,CVLY,2026-04-25 14:29:00,2026-04-25 14:30:01
BART026,BFAIR,2026-04-25 14:33:00,2026-04-25 14:33:52
BART026,SLEAN,2026-04-25 14:37:00,2026-04-25 14:38:10
BART026,COLIS,2026-04-25 14:41:00,2026-04-25 14:42:11
BART026,FRTVL,2026-04-25 14:45:00,2026-04-25 14:46:07
BART026,LAKEM,2026-04-25 14:49:00,2026-04-25 14:50:18
BART026,W OAK,2026-04-25 14:55:00,2026-04-25 14:56:15
BART026,EMBAR,2026-04-25 15:02:00,2026-04-25 15:03:26
BART026,MONTG,2026-04-25 15:03:00,2026-04-25 15:04:56
BART026,POWEL,2026-04-25 15:05:00,2026-04-25 15:08:00
BART026,CIVIC,2026-04-25 15:07:00,2026-04-25 15:10:59
BART026,16ST,2026-04-25 15:09:00,2026-04-25 15:13:08
BART026,24ST,2026-04-25 15:11:00,2026-04-25 15:15:21
BART026,GLNPK,2026-04-25 15:14:00,2026-04-25 15:18:59
BART026,BALPK,2026-04-25 15:16:00,2026-04-25 15:21:40
BART026,DALY,2026-04-25 15:20:00,2026-04-25 15:25:57
BART027,DUBLIN,2026-04-25 14:35:00,2026-04-25 14:34:40
BART027,W DUB,2026-04-25 14:38:00,2026-04-25 14:37:55
BART027,CVLY,2026-04-25 14:49:00,2026-04-25 14:49:10
BART027,BFAIR,2026-04-25 14:53:00,2026-04-25 14:53:05
BART027,SLEAN,2026-04-25 14:57:00,2026-04-25 14:57:23
BART027,COLIS,2026-04-25 15:01:00,2026-04-25 15:01:26
BART027,FRTVL,2026-04-25 15:05:00,2026-04-25 15:05:16
BART027,LAKEM,2026-04-25 15:09:00,2026-04-25 15:09:11
BART027,W OAK,2026-04-25 15:15:00,2026-04-25 15:15:24
BART027,EMBAR,2026-04-25 15:22:00,2026-04-25 15:22:43
BART027,MONTG,2026-04-25 15:23:00,2026-04-25 15:24:24
BART027,POWEL,2026-04-25 15:25:00,2026-04-25 15:27:36
BART027,CIVIC,2026-04-25 15:27:00,2026-04-25 15:30:23
BART027,16ST,2026-04-25 15:29:00,2026-04-25 15:32:21
BART027,24ST,2026-04-25 15:31:00,2026-04-25 15:34:16
BART027,GLNPK,2026-04-25 15:34:00,2026-04-25 15:38:08
BART027,BALPK,2026-04-25 15:36:00,2026-04-25 15:40:28
BART027,DALY,2026-04-25 15:40:00,2026-04-25 15:44:45
BART028,DUBLIN,2026-04-25 14:55:00,2026-04-25 14:54:32
BART028,W DUB,2026-04-25 14:58:00,2026-04-25 14:57:49
BART028,CVLY,2026-04-25 15:09:00,2026-04-25 15:08:54
BART028,BFAIR,2026-04-25 15:13:00,2026-04-25 15:12:51
BART028,SLEAN,2026-04-25 15:17:00,2026-04-25 15:16:47
BART028,COLIS,2026-04-25 15:21:00,2026-04-25 15:21:03
BART028,FRTVL,2026-04-25 15:25:00,2026-04-25 15:25:22
BART028,LAKEM,2026-04-25 15:29:00,2026-04-25 15:29:26
BART028,W OAK,2026-04-25 15:35:00,2026-04-25 15:35:27
BART028,EMBAR,2026-04-25 15:42:00,2026-04-25 15:42:26
BART028,MONTG,2026-04-25 15:43:00,2026-04-25 15:44:11
BART028,POWEL,2026-04-25 15:45:00,2026-04-25 15:46:24
BART028,CIVIC,2026-04-25 15:47:00,2026-04-25 15:49:02
BART028,16ST,2026-04-25 15:49:00,2026-04-25 15:51:04
BART028,24ST,2026-04-25 15:51:00,2026-04-25 15:53:04
BART028,GLNPK,2026-04-25 15:54:00,2026-04-25 15:56:44
BART028,BALPK,2026-04-25 15:56:00,2026-04-25 15:59:21
BART028,DALY,2026-04-25 16:00:00,2026-04-25 16:03:35
BART029,DUBLIN,2026-04-25 15:15:00,2026-04-25 15:14:47
BART029,W DUB,2026-04-25 15:18:00,2026-04-25 15:17:48
BART029,CVLY,2026-04-25 15:29:00,2026-04-25 15:28:58
BART029,BFAIR,2026-04-25 15:33:00,2026-04-25 15:33:04
BART029,SLEAN,2026-04-25 15:37:00,2026-04-25 15:37:06
BART029,COLIS,2026-04-25 15:41:00,2026-04-25 15:41:17
BART029,FRTVL,2026-04-25 15:45:00,2026-04-25 15:45:33
BART029,LAKEM,2026-04-25 15:49:00,2026-04-25 15:49:40
BART029,W OAK,2026-04-25 15:55:00,2026-04-25 15:55:40
BART029,EMBAR,2026-04-25 16:02:00,2026-04-25 16:03:00
BART029,MONTG,2026-04-25 16:03:00,2026-04-25 16:04:12
BART029,POWEL,2026-04-25 16:05:00,2026-04-25 16:07:01
BART029,CIVIC,2026-04-25 16:07:00,2026-04-25 16:09:48
BART029,16ST,2026-04-25 16:09:00,2026-04-25 16:12:08
BART029,24ST,2026-04-25 16:11:00,2026-04-25 16:14:06
BART029,GLNPK,2026-04-25 16:14:00,2026-04-25 16:17:15
BART029,BALPK,2026-04-25 16:16:00,2026-04-25 16:19:52
BART029,DALY,2026-04-25 16:20:00,2026-04-25 16:23:53
BART030,DUBLIN,2026-04-25 15:35:00,2026-04-25 15:35:16
BART030,W DUB,2026-04-25 15:38:00,2026-04-25 15:38:31
BART030,CVLY,2026-04-25 15:49:00,2026-04-25 15:49:31
BART030,BFAIR,2026-04-25 15:53:00,2026-04-25 15:53:34
BART030,SLEAN,2026-04-25 15:57:00,2026-04-25 15:57:43
BART030,COLIS,2026-04-25 16:01:00,2026-04-25 16:01:49
BART030,FRTVL,2026-04-25 16:05:00,2026-04-25 16:05:42
BART030,LAKEM,2026-04-25 16:09:00,2026-04-25 16:09:44
BART030,W OAK,2026-04-25 16:15:00,2026-04-25 16:16:02
BART030,EMBAR,2026-04-25 16:22:00,2026-04-25 16:23:10
BART030,MONTG,2026-04-25 16:23:00,2026-04-25 16:24:37
BART030,POWEL,2026-04-25 16:25:00,2026-04-25 16:27:28
BART030,CIVIC,2026-04-25 16:27:00,2026-04-25 16:29:46
BART030,16ST,2026-04-25 16:29:00,2026-04-25 16:31:52
BART030,24ST,2026-04-25 16:31:00,2026-04-25 16:34:11
BART030,GLNPK,2026-04-25 16:34:00,2026-04-25 16:37:58
BART030,BALPK,2026-04-25 16:36:00,2026-04-25 16:40:47
BART030,DALY,2026-04-25 16:40:00,2026-04-25 16:45:07
BART031,DUBLIN,2026-04-25 15:55:00,2026-04-25 15:55:17
BART031,W DUB,2026-04-25 15:58:00,2026-04-25 15:58:30
BART031,CVLY,2026-04-25 16:09:00,2026-04-25 16:09:41
BART031,BFAIR,2026-04-25 16:13:00,2026-04-25 16:13:37
BART031,SLEAN,2026-04-25 16:17:00,2026-04-25 16:17:38
BART031,COLIS,2026-04-25 16:21:00,2026-04-25 16:21:41
BART031,FRTVL,2026-04-25 16:25:00,2026-04-25 16:25:33
BART031,LAKEM,2026-04-25 16:29:00,2026-04-25 16:29:53
BART031,W OAK,2026-04-25 16:35:00,2026-04-25 16:36:04
BART031,EMBAR,2026-04-25 16:42:00,2026-04-25 16:43:23
BART031,MONTG,2026-04-25 16:43:00,2026-04-25 16:45:17
BART031,POWEL,2026-04-25 16:45:00,2026-04-25 16:48:14
BART031,CIVIC,2026-04-25 16:47:00,2026-04-25 16:50:53
BART031,16ST,2026-04-25 16:49:00,2026-04-25 16:53:06
BART031,24ST,2026-04-25 16:51:00,2026-04-25 16:55:24
BART031,GLNPK,2026-04-25 16:54:00,2026-04-25 16:58:54
BART031,BALPK,2026-04-25 16:56:00,2026-04-25 17:01:29
BART031,DALY,2026-04-25 17:00:00,2026-04-25 17:05:32
BART032,DUBLIN,2026-04-25 16:15:00,2026-04-25 16:14:50
BART032,W DUB,2026-04-25 16:18:00,2026-04-25 16:17:52
BART032,CVLY,2026-04-25 16:29:00,2026-04-25 16:29:04
BART032,BFAIR,2026-04-25 16:33:00,2026-04-25 16:33:03
BART032,SLEAN,2026-04-25 16:37:00,2026-04-25 16:37:10
BART032,COLIS,2026-04-25 16:41:00,2026-04-25 16:41:04
BART032,FRTVL,2026-04-25 16:45:00,2026-04-25 16:45:00
BART032,LAKEM,2026-04-25 16:49:00,2026-04-25 16:49:03
BART032,W OAK,2026-04-25 16:55:00,2026-04-25 16:55:14
BART032,EMBAR,2026-04-25 17:02:00,2026-04-25 17:02:34
BART032,MONTG,2026-04-25 17:03:00,2026-04-25 17:04:34
BART032,POWEL,2026-04-25 17:05:00,2026-04-25 17:07:13
BART032,CIVIC,2026-04-25 17:07:00,2026-04-25 17:10:13
BART032,16ST,2026-04-25 17:09:00,2026-04-25 17:12:12
BART032,24ST,2026-04-25 17:11:00,2026-04-25 17:14:14
BART032,GLNPK,2026-04-25 17:14:00,2026-04-25 17:18:02
BART032,BALPK,2026-04-25 17:16:00,2026-04-25 17:20:16
BART032,DALY,2026-04-25 17:20:00,2026-04-25 17:24:15
BART033,DUBLIN,2026-04-25 16:35:00,2026-04-25 16:34:43
BART033,W DUB,2026-04-25 16:38:00,2026-04-25 16:37:46
BART033,CVLY,2026-04-25 16:49:00,2026-04-25 16:49:01
BART033,BFAIR,2026-04-25 16:53:00,2026-04-25 16:53:09
BART033,SLEAN,2026-04-25 16:57:00,2026-04-25 16:57:18
BART033,COLIS,2026-04-25 17:01:00,2026-04-25 17:01:28
BART033,FRTVL,2026-04-25 17:05:00,2026-04-25 17:05:28
BART033,LAKEM,2026-04-25 17:09:00,2026-04-25 17:09:32
BART033,W OAK,2026-04-25 17:15:00,2026-04-25 17:15:36
BART033,EMBAR,2026-04-25 17:22:00,2026-04-25 17:22:40
BART033,MONTG,2026-04-25 17:23:00,2026-04-25 17:24:19
BART033,POWEL,2026-04-25 17:25:00,2026-04-25 17:27:10
BART033,CIVIC,2026-04-25 17:27:00,2026-04-25 17:29:50
BART033,16ST,2026-04-25 17:29:00,2026-04-25 17:32:01
BART033,24ST,2026-04-25 17:31:00,2026-04-25 17:33:53
BART033,GLNPK,2026-04-25 17:34:00,2026-04-25 17:37:23
BART033,BALPK,2026-04-25 17:36:00,2026-04-25 17:40:09
BART033,DALY,2026-04-25 17:40:00,2026-04-25 17:44:18
BART034,DUBLIN,2026-04-25 16:55:00,2026-04-25 16:54:51
BART034,W DUB,2026-04-25 16:58:00,2026-04-25 16:57:43
BART034,CVLY,2026-04-25 17:09:00,2026-04-25 17:08:59
BART034,BFAIR,2026-04-25 17:13:00,2026-04-25 17:13:19
BART034,SLEAN,2026-04-25 17:17:00,2026-04-25 17:17:33
BART034,COLIS,2026-04-25 17:21:00,2026-04-25 17:21:30
BART034,FRTVL,2026-04-25 17:25:00,2026-04-25 17:25:41
BART034,LAKEM,2026-04-25 17:29:00,2026-04-25 17:29:40
BART034,W OAK,2026-04-25 17:35:00,2026-04-25 17:35:37
BART034,EMBAR,2026-04-25 17:42:00,2026-04-25 17:42:52
BART034,MONTG,2026-04-25 17:43:00,2026-04-25 17:44:12
BART034,POWEL,2026-04-25 17:45:00,2026-04-25 17:46:19
BART034,CIVIC,2026-04-25 17:47:00,2026-04-25 17:49:01
BART034,16ST,2026-04-25 17:49:00,2026-04-25 17:51:10
BART034,24ST,2026-04-25 17:51:00,2026-04-25 17:53:27
BART034,GLNPK,2026-04-25 17:54:00,2026-04-25 17:56:58
BART034,BALPK,2026-04-25 17:56:00,2026-04-25 17:59:30
BART034,DALY,2026-04-25 18:00:00,2026-04-25 18:03:48
BART035,DUBLIN,2026-04-25 17:15:00,2026-04-25 17:15:10
BART035,W DUB,2026-04-25 17:18:00,2026-04-25 17:18:18
BART035,CVLY,2026-04-25 17:29:00,2026-04-25 17:29:14
BART035,BFAIR,2026-04-25 17:33:00,2026-04-25 17:33:26
BART035,SLEAN,2026-04-25 17:37:00,2026-04-25 17:37:38
BART035,COLIS,2026-04-25 17:41:00,2026-04-25 17:41:40
BART035,FRTVL,2026-04-25 17:45:00,2026-04-25 17:45:45
BART035,LAKEM,2026-04-25 17:49:00,2026-04-25 17:49:47
BART035,W OAK,2026-04-25 17:55:00,2026-04-25 17:55:44
BART035,EMBAR,2026-04-25 18:02:00,2026-04-25 18:02:38
BART035,MONTG,2026-04-25 18:03:00,2026-04-25 18:04:47
BART035,POWEL,2026-04-25 18:05:00,2026-04-25 18:06:58
BART035,CIVIC,2026-04-25 18:07:00,2026-04-25 18:09:54
BART035,16ST,2026-04-25 18:09:00,2026-04-25 18:11:51
BART035,24ST,2026-04-25 18:11:00,2026-04-25 18:13:46
BART035,GLNPK,2026-04-25 18:14:00,2026-04-25 18:17:46
BART035,BALPK,2026-04-25 18:16:00,2026-04-25 18:20:29
BART035,DALY,2026-04-25 18:20:00,2026-04-25 18:24:33
BART036,DUBLIN,2026-04-25 17:35:00,2026-04-25 17:34:33
BART036,W DUB,2026-04-25 17:38:00,2026-04-25 17:37:40
BART036,CVLY,2026-04-25 17:49:00,2026-04-25 17:48:37
BART036,BFAIR,2026-04-25 17:53:00,2026-04-25 17:52:56
BART036,SLEAN,2026-04-25 17:57:00,2026-04-25 17:57:13
BART036,COLIS,2026-04-25 18:01:00,2026-04-25 18:01:06
BART036,FRTVL,2026-04-25 18:05:00,2026-04-25 18:05:10
BART036,LAKEM,2026-04-25 18:09:00,2026-04-25 18:09:04
BART036,W OAK,2026-04-25 18:15:00,2026-04-25 18:15:19
BART036,EMBAR,2026-04-25 18:22:00,2026-04-25 18:22:23
BART036,MONTG,2026-04-25 18:23:00,2026-04-25 18:24:22
BART036,POWEL,2026-04-25 18:25:00,2026-04-25 18:27:22
BART036,CIVIC,2026-04-25 18:27:00,2026-04-25 18:30:05
BART036,16ST,2026-04-25 18:29:00,2026-04-25 18:32:14
BART036,24ST,2026-04-25 18:31:00,2026-04-25 18:34:30
BART036,GLNPK,2026-04-25 18:34:00,2026-04-25 18:38:26
BART036,BALPK,2026-04-25 18:36:00,2026-04-25 18:41:00
BART036,DALY,2026-04-25 18:40:00,2026-04-25 18:45:16
BART037,DUBLIN,2026-04-25 17:55:00,2026-04-25 17:55:28
BART037,W DUB,2026-04-25 17:58:00,2026-04-25 17:58:35
BART037,CVLY,2026-04-25 18:09:00,2026-04-25 18:09:39
BART037,BFAIR,2026-04-25 18:13:00,2026-04-25 18:13:57
BART037,SLEAN,2026-04-25 18:17:00,2026-04-25 18:17:52
BART037,COLIS,2026-04-25 18:21:00,2026-04-25 18:22:05
BART037,FRTVL,2026-04-25 18:25:00,2026-04-25 18:26:22
BART037,LAKEM,2026-04-25 18:29:00,2026-04-25 18:30:27
BART037,W OAK,2026-04-25 18:35:00,2026-04-25 18:36:31
BART037,EMBAR,2026-04-25 18:42:00,2026-04-25 18:43:29
BART037,MONTG,2026-04-25 18:43:00,2026-04-25 18:45:13
BART037,POWEL,2026-04-25 18:45:00,2026-04-25 18:48:24
BART037,CIVIC,2026-04-25 18:47:00,2026-04-25 18:51:10
BART037,16ST,2026-04-25 18:49:00,2026-04-25 18:53:15
BART037,24ST,2026-04-25 18:51:00,2026-04-25 18:55:25
BART037,GLNPK,2026-04-25 18:54:00,2026-04-25 18:58:45
BART037,BALPK,2026-04-25 18:56:00,2026-04-25 19:01:06
BART037,DALY,2026-04-25 19:00:00,2026-04-25 19:05:18
BART038,DUBLIN,2026-04-25 18:15:00,2026-04-25 18:14:48
BART038,W DUB,2026-04-25 18:18:00,2026-04-25 18:17:45
BART038,CVLY,2026-04-25 18:29:00,2026-04-25 18:28:43
BART038,BFAIR,2026-04-25 18:33:00,2026-04-25 18:32:43
BART038,SLEAN,2026-04-25 18:37:00,2026-04-25 18:36:43
BART038,COLIS,2026-04-25 18:41:00,2026-04-25 18:41:01
BART038,FRTVL,2026-04-25 18:45:00,2026-04-25 18:45:08
BART038,LAKEM,2026-04-25 18:49:00,2026-04-25 18:49:00
BART038,W OAK,2026-04-25 18:55:00,2026-04-25 18:54:54
BART038,EMBAR,2026-04-25 19:02:00,2026-04-25 19:01:48
BART038,MONTG,2026-04-25 19:03:00,2026-04-25 19:03:24
BART038,POWEL,2026-04-25 19:05:00,2026-04-25 19:06:00
BART038,CIVIC,2026-04-25 19:07:00,2026-04-25 19:08:40
BART038,16ST,2026-04-25 19:09:00,2026-04-25 19:10:32
BART038,24ST,2026-04-25 19:11:00,2026-04-25 19:12:35
BART038,GLNPK,2026-04-25 19:14:00,2026-04-25 19:16:03
BART038,BALPK,2026-04-25 19:16:00,2026-04-25 19:18:39
BART038,DALY,2026-04-25 19:20:00,2026-04-25 19:22:42
BART039,DUBLIN,2026-04-25 18:35:00,2026-04-25 18:34:33
BART039,W DUB,2026-04-25 18:38:00,2026-04-25 18:37:29
BART039,CVLY,2026-04-25 18:49:00,2026-04-25 18:48:45
BART039,BFAIR,2026-04-25 18:53:00,2026-04-25 18:52:48
BART039,SLEAN,2026-04-25 18:57:00,2026-04-25 18:56:50
BART039,COLIS,2026-04-25 19:01:00,2026-04-25 19:01:08
BART039,FRTVL,2026-04-25 19:05:00,2026-04-25 19:05:22
BART039,LAKEM,2026-04-25 19:09:00,2026-04-25 19:09:30
BART039,W OAK,2026-04-25 19:15:00,2026-04-25 19:15:50
BART039,EMBAR,2026-04-25 19:22:00,2026-04-25 19:23:02
BART039,MONTG,2026-04-25 19:23:00,2026-04-25 19:24:43
BART039,POWEL,2026-04-25 19:25:00,2026-04-25 19:27:30
BART039,CIVIC,2026-04-25 19:27:00,2026-04-25 19:29:57
BART039,16ST,2026-04-25 19:29:00,2026-04-25 19:31:56
BART039,24ST,2026-04-25 19:31:00,2026-04-25 19:34:10
BART039,GLNPK,2026-04-25 19:34:00,2026-04-25 19:37:54
BART039,BALPK,2026-04-25 19:36:00,2026-04-25 19:40:57
BART039,DALY,2026-04-25 19:40:00,2026-04-25 19:45:13
BART040,DUBLIN,2026-04-25 18:55:00,2026-04-25 18:54:56
BART040,W DUB,2026-04-25 18:58:00,2026-04-25 18:58:03
BART040,CVLY,2026-04-25 19:09:00,2026-04-25 19:09:16
BART040,BFAIR,2026-04-25 19:13:00,2026-04-25 19:13:29
BART040,SLEAN,2026-04-25 19:17:00,2026-04-25 19:17:36
BART040,COLIS,2026-04-25 19:21:00,2026-04-25 19:21:51
BART040,FRTVL,2026-04-25 19:25:00,2026-04-25 19:26:00
BART040,LAKEM,2026-04-25 19:29:00,2026-04-25 19:30:18
BART040,W OAK,2026-04-25 19:35:00,2026-04-25 19:36:15
BART040,EMBAR,2026-04-25 19:42:00,2026-04-25 19:43:20
BART040,MONTG,2026-04-25 19:43:00,2026-04-25 19:44:49
BART040,POWEL,2026-04-25 19:45:00,2026-04-25 19:47:38
BART040,CIVIC,2026-04-25 19:47:00,2026-04-25 19:50:07
BART040,16ST,2026-04-25 19:49:00,2026-04-25 19:52:07
BART040,24ST,2026-04-25 19:51:00,2026-04-25 19:54:18
BART040,GLNPK,2026-04-25 19:54:00,2026-04-25 19:58:09
BART040,BALPK,2026-04-25 19:56:00,2026-04-25 20:00:49
BART040,DALY,2026-04-25 20:00:00,2026-04-25 20:04:44
BART041,DUBLIN,2026-04-25 19:15:00,2026-04-25 19:15:23
BART041,W DUB,2026-04-25 19:18:00,2026-04-25 19:18:27
BART041,CVLY,2026-04-25 19:29:00,2026-04-25 19:29:46
BART041,BFAIR,2026-04-25 19:33:00,2026-04-25 19:33:40
BART041,SLEAN,2026-04-25 19:37:00,2026-04-25 19:37:49
BART041,COLIS,2026-04-25 19:41:00,2026-04-25 19:41:56
BART041,FRTVL,2026-04-25 19:45:00,2026-04-25 19:45:46
BART041,LAKEM,2026-04-25 19:49:00,2026-04-25 19:50:05
BART041,W OAK,2026-04-25 19:55:00,2026-04-25 19:56:07
BART041,EMBAR,2026-04-25 20:02:00,2026-04-25 20:03:15
BART041,MONTG,2026-04-25 20:03:00,2026-04-25 20:05:20
BART041,POWEL,2026-04-25 20:05:00,2026-04-25 20:07:30
BART041,CIVIC,2026-04-25 20:07:00,2026-04-25 20:10:22
BART041,16ST,2026-04-25 20:09:00,2026-04-25 20:12:16
BART041,24ST,2026-04-25 20:11:00,2026-04-25 20:14:33
BART041,GLNPK,2026-04-25 20:14:00,2026-04-25 20:17:57
BART041,BALPK,2026-04-25 20:16:00,2026-04-25 20:20:11
BART041,DALY,2026-04-25 20:20:00,2026-04-25 20:24:13
BART042,DUBLIN,2026-04-25 19:29:00,2026-04-25 19:28:50
BART042,W DUB,2026-04-25 19:32:00,2026-04-25 19:31:46
BART042,CVLY,2026-04-25 19:43:00,2026-04-25 19:42:50
BART042,BFAIR,2026-04-25 19:47:00,2026-04-25 19:46:50
BART042,SLEAN,2026-04-25 19:51:00,2026-04-25 19:50:50
BART042,COLIS,2026-04-25 19:55:00,2026-04-25 19:55:04
BART042,FRTVL,2026-04-25 19:59:00,2026-04-25 19:59:22
BART042,LAKEM,2026-04-25 20:03:00,2026-04-25 20:03:24
BART042,W OAK,2026-04-25 20:09:00,2026-04-25 20:09:22
BART042,EMBAR,2026-04-25 20:16:00,2026-04-25 20:16:36
BART042,MONTG,2026-04-25 20:17:00,2026-04-25 20:18:37
BART042,POWEL,2026-04-25 20:19:00,2026-04-25 20:20:55
BART042,CIVIC,2026-04-25 20:21:00,2026-04-25 20:23:16
BART042,16ST,2026-04-25 20:23:00,2026-04-25 20:25:29
BART042,24ST,2026-04-25 20:25:00,2026-04-25 20:27:36
BART042,GLNPK,2026-04-25 20:28:00,2026-04-25 20:31:12
BART042,BALPK,2026-04-25 20:30:00,2026-04-25 20:33:35
BART042,DALY,2026-04-25 20:34:00,2026-04-25 20:37:45
BART043,DUBLIN,2026-04-25 19:45:00,2026-04-25 19:44:34
BART043,W DUB,2026-04-25 19:48:00,2026-04-25 19:47:48
BART043,CVLY,2026-04-25 19:59:00,2026-04-25 19:59:08
BART043,BFAIR,2026-04-25 20:03:00,2026-04-25 20:03:18
BART043,SLEAN,2026-04-25 20:07:00,2026-04-25 20:07:09
BART043,COLIS,2026-04-25 20:11:00,2026-04-25 20:11:23
BART043,FRTVL,2026-04-25 20:15:00,2026-04-25 20:15:13
BART043,LAKEM,2026-04-25 20:19:00,2026-04-25 20:19:33
BART043,W OAK,2026-04-25 20:25:00,2026-04-25 20:25:30
BART043,EMBAR,2026-04-25 20:32:00,2026-04-25 20:32:26
BART043,MONTG,2026-04-25 20:33:00,2026-04-25 20:33:58
BART043,POWEL,2026-04-25 20:35:00,2026-04-25 20:36:31
BART043,CIVIC,2026-04-25 20:37:00,2026-04-25 20:38:51
BART043,16ST,2026-04-25 20:39:00,2026-04-25 20:40:56
BART043,24ST,2026-04-25 20:41:00,2026-04-25 20:43:07
BART043,GLNPK,2026-04-25 20:44:00,2026-04-25 20:46:33
BART043,BALPK,2026-04-25 20:46:00,2026-04-25 20:49:14
BART043,DALY,2026-04-25 20:50:00,2026-04-25 20:53:18
BART044,DUBLIN,2026-04-25 20:05:00,2026-04-25 20:05:14
BART044,W DUB,2026-04-25 20:08:00,2026-04-25 20:08:12
BART044,CVLY,2026-04-25 20:19:00,2026-04-25 20:19:26
BART044,BFAIR,2026-04-25 20:23:00,2026-04-25 20:23:27
BART044,SLEAN,2026-04-25 20:27:00,2026-04-25 20:27:22
BART044,COLIS,2026-04-25 20:31:00,2026-04-25 20:31:31
BART044,FRTVL,2026-04-25 20:35:00,2026-04-25 20:35:40
BART044,LAKEM,2026-04-25 20:39:00,2026-04-25 20:40:00
BART044,W OAK,2026-04-25 20:45:00,2026-04-25 20:46:13
BART044,EMBAR,2026-04-25 20:52:00,2026-04-25 20:53:25
BART044,MONTG,2026-04-25 20:53:00,2026-04-25 20:54:43
BART044,POWEL,2026-04-25 20:55:00,2026-04-25 20:57:37
BART044,CIVIC,2026-04-25 20:57:00,2026-04-25 21:00:22
BART044,16ST,2026-04-25 20:59:00,2026-04-25 21:02:12
BART044,24ST,2026-04-25 21:01:00,2026-04-25 21:04:31
BART044,GLNPK,2026-04-25 21:04:00,2026-04-25 21:08:03
BART044,BALPK,2026-04-25 21:06:00,2026-04-25 21:10:58
BART044,DALY,2026-04-25 21:10:00,2026-04-25 21:15:18
BART045,DUBLIN,2026-04-25 20:25:00,2026-04-25 20:24:54
BART045,W DUB,2026-04-25 20:28:00,2026-04-25 20:27:56
BART045,CVLY,2026-04-25 20:39:00,2026-04-25 20:39:16
BART045,BFAIR,2026-04-25 20:43:00,2026-04-25 20:43:28
BART045,SLEAN,2026-04-25 20:47:00,2026-04-25 20:47:24
BART045,COLIS,2026-04-25 20:51:00,2026-04-25 20:51:16
BART045,FRTVL,2026-04-25 20:55:00,2026-04-25 20:55:24
BART045,LAKEM,2026-04-25 20:59:00,2026-04-25 20:59:36
BART045,W OAK,2026-04-25 21:05:00,2026-04-25 21:05:52
BART045,EMBAR,2026-04-25 21:12:00,2026-04-25 21:13:02
BART045,MONTG,2026-04-25 21:13:00,2026-04-25 21:14:20
BART045,POWEL,2026-04-25 21:15:00,2026-04-25 21:17:06
BART045,CIVIC,2026-04-25 21:17:00,2026-04-25 21:20:21
BART045,16ST,2026-04-25 21:19:00,2026-04-25 21:22:30
BART045,24ST,2026-04-25 21:21:00,2026-04-25 21:24:45
BART045,GLNPK,2026-04-25 21:24:00,2026-04-25 21:28:18
BART045,BALPK,2026-04-25 21:26:00,2026-04-25 21:31:06
BART045,DALY,2026-04-25 21:30:00,2026-04-25 21:34:57
BART046,DUBLIN,2026-04-25 20:45:00,2026-04-25 20:44:52
BART046,W DUB,2026-04-25 20:48:00,2026-04-25 20:47:59
BART046,CVLY,2026-04-25 20:59:00,2026-04-25 20:59:02
BART046,BFAIR,2026-04-25 21:03:00,2026-04-25 21:03:13
BART046,SLEAN,2026-04-25 21:07:00,2026-04-25 21:07:14
BART046,COLIS,2026-04-25 21:11:00,2026-04-25 21:11:06
BART046,FRTVL,2026-04-25 21:15:00,2026-04-25 21:15:12
BART046,LAKEM,2026-04-25 21:19:00,2026-04-25 21:19:22
BART046,W OAK,2026-04-25 21:25:00,2026-04-25 21:25:22
BART046,EMBAR,2026-04-25 21:32:00,2026-04-25 21:32:12
BART046,MONTG,2026-04-25 21:33:00,2026-04-25 21:34:10
BART046,POWEL,2026-04-25 21:35:00,2026-04-25 21:37:12
BART046,CIVIC,2026-04-25 21:37:00,2026-04-25 21:39:47
BART046,16ST,2026-04-25 21:39:00,2026-04-25 21:42:07
BART046,24ST,2026-04-25 21:41:00,2026-04-25 21:44:08
BART046,GLNPK,2026-04-25 21:44:00,2026-04-25 21:48:01
BART046,BALPK,2026-04-25 21:46:00,2026-04-25 21:50:46
BART046,DALY,2026-04-25 21:50:00,2026-04-25 21:54:58
BART047,DUBLIN,2026-04-25 21:05:00,2026-04-25 21:04:39
BART047,W DUB,2026-04-25 21:08:00,2026-04-25 21:07:42
BART047,CVLY,2026-04-25 21:19:00,2026-04-25 21:18:37
BART047,BFAIR,2026-04-25 21:23:00,2026-04-25 21:22:50
BART047,SLEAN,2026-04-25 21:27:00,2026-04-25 21:26:56
BART047,COLIS,2026-04-25 21:31:00,2026-04-25 21:31:16
BART047,FRTVL,2026-04-25 21:35:00,2026-04-25 21:35:26
BART047,LAKEM,2026-04-25 21:39:00,2026-04-25 21:39:24
BART047,W OAK,2026-04-25 21:45:00,2026-04-25 21:45:33
BART047,EMBAR,2026-04-25 21:52:00,2026-04-25 21:52:48
BART047,MONTG,2026-04-25 21:53:00,2026-04-25 21:54:56
BART047,POWEL,2026-04-25 21:55:00,2026-04-25 21:57:55
BART047,CIVIC,2026-04-25 21:57:00,2026-04-25 22:00:41
BART047,16ST,2026-04-25 21:59:00,2026-04-25 22:02:57
BART047,24ST,2026-04-25 22:01:00,2026-04-25 22:05:10
BART047,GLNPK,2026-04-25 22:04:00,2026-04-25 22:08:41
BART047,BALPK,2026-04-25 22:06:00,2026-04-25 22:11:23
BART047,DALY,2026-04-25 22:10:00,2026-04-25 22:15:20
BART048,DUBLIN,2026-04-25 21:25:00,2026-04-25 21:25:23
BART048,W DUB,2026-04-25 21:28:00,2026-04-25 21:28:42
BART048,CVLY,2026-04-25 21:39:00,2026-04-25 21:39:34
BART048,BFAIR,2026-04-25 21:43:00,2026-04-25 21:43:32
BART048,SLEAN,2026-04-25 21:47:00,2026-04-25 21:47:50
BART048,COLIS,2026-04-25 21:51:00,2026-04-25 21:51:54
BART048,FRTVL,2026-04-25 21:55:00,2026-04-25 21:55:51
BART048,LAKEM,2026-04-25 21:59:00,2026-04-25 22:00:05
BART048,W OAK,2026-04-25 22:05:00,2026-04-25 22:06:09
BART048,EMBAR,2026-04-25 22:12:00,2026-04-25 22:13:17
BART048,MONTG,2026-04-25 22:13:00,2026-04-25 22:15:23
BART048,POWEL,2026-04-25 22:15:00,2026-04-25 22:18:01
BART048,CIVIC,2026-04-25 22:17:00,2026-04-25 22:20:37
BART048,16ST,2026-04-25 22:19:00,2026-04-25 22:22:54
BART048,24ST,2026-04-25 22:21:00,2026-04-25 22:24:54
BART048,GLNPK,2026-04-25 22:24:00,2026-04-25 22:28:19
BART048,BALPK,2026-04-25 22:26:00,2026-04-25 22:30:41
BART048,DALY,2026-04-25 22:30:00,2026-04-25 22:34:56
BART049,DUBLIN,2026-04-25 21:45:00,2026-04-25 21:44:46
BART049,W DUB,2026-04-25 21:48:00,2026-04-25 21:47:46
BART049,CVLY,2026-04-25 21:59:00,2026-04-25 21:58:44
BART049,BFAIR,2026-04-25 22:03:00,2026-04-25 22:03:02
BART049,SLEAN,2026-04-25 22:07:00,2026-04-25 22:07:11
BART049,COLIS,2026-04-25 22:11:00,2026-04-25 22:11:23
BART049,FRTVL,2026-04-25 22:15:00,2026-04-25 22:15:41
BART049,LAKEM,2026-04-25 22:19:00,2026-04-25 22:19:39
BART049,W OAK,2026-04-25 22:25:00,2026-04-25 22:25:46
BART049,EMBAR,2026-04-25 22:32:00,2026-04-25 22:32:36
BART049,MONTG,2026-04-25 22:33:00,2026-04-25 22:34:09
BART049,POWEL,2026-04-25 22:35:00,2026-04-25 22:36:31
BART049,CIVIC,2026-04-25 22:37:00,2026-04-25 22:39:25
BART049,16ST,2026-04-25 22:39:00,2026-04-25 22:41:30
BART049,24ST,2026-04-25 22:41:00,2026-04-25 22:43:37
BART049,GLNPK,2026-04-25 22:44:00,2026-04-25 22:47:13
BART049,BALPK,2026-04-25 22:46:00,2026-04-25 22:49:55
BART049,DALY,2026-04-25 22:50:00,2026-04-25 22:54:05
BART050,DUBLIN,2026-04-25 22:05:00,2026-04-25 22:05:15
BART050,W DUB,2026-04-25 22:08:00,2026-04-25 22:08:20
BART050,CVLY,2026-04-25 22:19:00,2026-04-25 22:19:24
BART050,BFAIR,2026-04-25 22:23:00,2026-04-25 22:23:39
BART050,SLEAN,2026-04-25 22:27:00,2026-04-25 22:27:29
BART050,COLIS,2026-04-25 22:31:00,2026-04-25 22:31:21
BART050,FRTVL,2026-04-25 22:35:00,2026-04-25 22:35:20
BART050,LAKEM,2026-04-25 22:39:00,2026-04-25 22:39:17
BART050,W OAK,2026-04-25 22:45:00,2026-04-25 22:45:19
BART050,EMBAR,2026-04-25 22:52:00,2026-04-25 22:52:31
BART050,MONTG,2026-04-25 22:53:00,2026-04-25 22:54:02
BART050,POWEL,2026-04-25 22:55:00,2026-04-25 22:57:05
BART050,CIVIC,2026-04-25 22:57:00,2026-04-25 22:59:51
BART050,16ST,2026-04-25 22:59:00,2026-04-25 23:01:58
BART050,24ST,2026-04-25 23:01:00,2026-04-25 23:04:04
BART050,GLNPK,2026-04-25 23:04:00,2026-04-25 23:07:33
BART050,BALPK,2026-04-25 23:06:00,2026-04-25 23:10:18
BART050,DALY,2026-04-25 23:10:00,2026-04-25 23:14:18
BART051,DUBLIN,2026-04-25 22:25:00,2026-04-25 22:24:52
BART051,W DUB,2026-04-25 22:28:00,2026-04-25 22:28:04
BART051,CVLY,2026-04-25 22:39:00,2026-04-25 22:39:08
BART051,BFAIR,2026-04-25 22:43:00,2026-04-25 22:43:06
BART051,SLEAN,2026-04-25 22:47:00,2026-04-25 22:47:05
BART051,COLIS,2026-04-25 22:51:00,2026-04-25 22:51:03
BART051,FRTVL,2026-04-25 22:55:00,2026-04-25 22:55:00
BART051,LAKEM,2026-04-25 22:59:00,2026-04-25 22:58:53
BART051,W OAK,2026-04-25 23:05:00,2026-04-25 23:05:06
BART051,EMBAR,2026-04-25 23:12:00,2026-04-25 23:12:02
BART051,MONTG,2026-04-25 23:13:00,2026-04-25 23:13:24
BART051,POWEL,2026-04-25 23:15:00,2026-04-25 23:16:26
BART051,CIVIC,2026-04-25 23:17:00,2026-04-25 23:19:45
BART051,16ST,2026-04-25 23:19:00,2026-04-25 23:21:40
BART051,24ST,2026-04-25 23:21:00,2026-04-25 23:23:36
BART051,GLNPK,2026-04-25 23:24:00,2026-04-25 23:27:10
BART051,BALPK,2026-04-25 23:26:00,2026-04-25 23:29:38
BART051,DALY,2026-04-25 23:30:00,2026-04-25 23:33:51
BART052,DUBLIN,2026-04-25 22:45:00,2026-04-25 22:45:07
BART052,W DUB,2026-04-25 22:48:00,2026-04-25 22:48:21
BART052,CVLY,2026-04-25 22:59:00,2026-04-25 22:59:27
BART052,BFAIR,2026-04-25 23:03:00,2026-04-25 23:03:36
BART052,SLEAN,2026-04-25 23:07:00,2026-04-25 23:07:35
BART052,COLIS,2026-04-25 23:11:00,2026-04-25 23:11:28
BART052,FRTVL,2026-04-25 23:15:00,2026-04-25 23:15:44
BART052,LAKEM,2026-04-25 23:19:00,2026-04-25 23:19:40
BART052,W OAK,2026-04-25 23:25:00,2026-04-25 23:25:39
BART052,EMBAR,2026-04-25 23:32:00,2026-04-25 23:32:36
BART052,MONTG,2026-04-25 23:33:00,2026-04-25 23:34:03
BART052,POWEL,2026-04-25 23:35:00,2026-04-25 23:36:17
BART052,CIVIC,2026-04-25 23:37:00,2026-04-25 23:39:18
BART052,16ST,2026-04-25 23:39:00,2026-04-25 23:41:12
BART052,24ST,2026-04-25 23:41:00,2026-04-25 23:43:10
BART052,GLNPK,2026-04-25 23:44:00,2026-04-25 23:46:17
BART052,BALPK,2026-04-25 23:46:00,2026-04-25 23:48:48
BART052,DALY,2026-04-25 23:50:00,2026-04-25 23:53:00
BART053,DUBLIN,2026-04-25 23:05:00,2026-04-25 23:05:30
BART053,W DUB,2026-04-25 23:08:00,2026-04-25 23:08:24
BART053,CVLY,2026-04-25 23:19:00,2026-04-25 23:19:34
BART053,BFAIR,2026-04-25 23:23:00,2026-04-25 23:23:51
BART053,SLEAN,2026-04-25 23:27:00,2026-04-25 23:28:05
BART053,COLIS,2026-04-25 23:31:00,2026-04-25 23:32:10
BART053,FRTVL,2026-04-25 23:35:00,2026-04-25 23:36:03
BART053,LAKEM,2026-04-25 23:39:00,2026-04-25 23:40:20
BART053,W OAK,2026-04-25 23:45:00,2026-04-25 23:46:10
BART053,EMBAR,2026-04-25 23:52:00,2026-04-25 23:53:18
BART053,MONTG,2026-04-25 23:53:00,2026-04-25 23:55:02
BART053,POWEL,2026-04-25 23:55:00,2026-04-25 23:57:50
BART053,CIVIC,2026-04-25 23:57:00,2026-04-26 00:00:16
BART053,16ST,2026-04-25 23:59:00,2026-04-26 00:02:36
BART053,24ST,2026-04-26 00:01:00,2026-04-26 00:04:27
BART053,GLNPK,2026-04-26 00:04:00,2026-04-26 00:08:10
BART053,BALPK,2026-04-26 00:06:00,2026-04-26 00:10:57
BART053,DALY,2026-04-26 00:10:00,2026-04-26 00:14:50
BART054,DUBLIN,2026-04-25 23:25:00,2026-04-25 23:25:22
BART054,W DUB,2026-04-25 23:28:00,2026-04-25 23:28:14
BART054,CVLY,2026-04-25 23:39:00,2026-04-25 23:39:16
BART054,BFAIR,2026-04-25 23:43:00,2026-04-25 23:43:21
BART054,SLEAN,2026-04-25 23:47:00,2026-04-25 23:47:13
BART054,COLIS,2026-04-25 23:51:00,2026-04-25 23:51:21
BART054,FRTVL,2026-04-25 23:55:00,2026-04-25 23:55:31
BART054,LAKEM,2026-04-25 23:59:00,2026-04-25 23:59:42
BART054,W OAK,2026-04-26 00:05:00,2026-04-26 00:05:33
BART054,EMBAR,2026-04-26 00:12:00,2026-04-26 00:12:27
BART054,MONTG,2026-04-26 00:13:00,2026-04-26 00:14:12
BART054,POWEL,2026-04-26 00:15:00,2026-04-26 00:17:06
BART054,CIVIC,2026-04-26 00:17:00,2026-04-26 00:19:28
BART054,16ST,2026-04-26 00:19:00,2026-04-26 00:21:21
BART054,24ST,2026-04-26 00:21:00,2026-04-26 00:23:28
BART054,GLNPK,2026-04-26 00:24:00,2026-04-26 00:27:10
BART054,BALPK,2026-04-26 00:26:00,2026-04-26 00:29:53
BART054,DALY,2026-04-26 00:30:00,2026-04-26 00:34:08
BART055,DUBLIN,2026-04-25 23:45:00,2026-04-25 23:45:09
BART055,W DUB,2026-04-25 23:48:00,2026-04-25 23:48:06
BART055,CVLY,2026-04-25 23:59:00,2026-04-25 23:59:20
BART055,BFAIR,2026-04-26 00:03:00,2026-04-26 00:03:26
BART055,SLEAN,2026-04-26 00:07:00,2026-04-26 00:07:28
BART055,COLIS,2026-04-26 00:11:00,2026-04-26 00:11:32
BART055,FRTVL,2026-04-26 00:15:00,2026-04-26 00:15:51
BART055,LAKEM,2026-04-26 00:19:00,2026-04-26 00:19:55
BART055,W OAK,2026-04-26 00:25:00,2026-04-26 00:25:54
BART055,EMBAR,2026-04-26 00:32:00,2026-04-26 00:33:11
BART055,MONTG,2026-04-26 00:33:00,2026-04-26 00:35:01
BART055,POWEL,2026-04-26 00:35:00,2026-04-26 00:37:51
BART055,CIVIC,2026-04-26 00:37:00,2026-04-26 00:40:18
BART055,16ST,2026-04-26 00:39:00,2026-04-26 00:42:27
BART055,24ST,2026-04-26 00:41:00,2026-04-26 00:44:47
BART055,GLNPK,2026-04-26 00:44:00,2026-04-26 00:48:18
BART055,BALPK,2026-04-26 00:46:00,2026-04-26 00:51:17
BART055,DALY,2026-04-26 00:50:00,2026-04-26 00:55:13
BART056,DUBLIN,2026-04-26 00:54:00,2026-04-26 00:54:10
BART056,W DUB,2026-04-26 00:57:00,2026-04-26 00:57:06
BART056,CVLY,2026-04-26 01:08:00,2026-04-26 01:08:04
BART056,BFAIR,2026-04-26 01:12:00,2026-04-26 01:12:15
